PTM,X20210224_LP_ALLSIL_R1_2,X20210224_LP_ALLSIL_R2_2,X20210224_LP_ALLSIL_R3,X20210224_LP_ALLSIL_R4,X20210224_LP_ALLSIL_R6,X20210224_LP_CCRFCEM_R1,X20210224_LP_CCRFCEM_R2_2,X20210224_LP_CCRFCEM_R3,X20210224_LP_CCRFCEM_R4,X20210224_LP_CCRFCEM_R5,X20210224_LP_CCRFCEM_R6,X20210224_LP_CUTTL1_R1,X20210224_LP_CUTTL1_R3,X20210224_LP_CUTTL1_R4_2,X20210224_LP_CUTTL1_R5,X20210224_LP_CUTTL1_R6,X20210224_LP_HPBALL_R2,X20210224_LP_HPBALL_R3,X20210224_LP_HPBALL_R4,X20210224_LP_HPBALL_R5,X20210224_LP_HPBALL_R6,X20210224_LP_DND41_R1,X20210224_LP_DND41_R2_2,X20210224_LP_DND41_R3,X20210224_LP_DND41_R4,X20210224_LP_DND41_R5,X20210224_LP_DND41_R6,X20210224_LP_HSB2_R1,X20210224_LP_HSB2_R2,X20210224_LP_HSB2_R3,X20210224_LP_HSB2_R4,X20210224_LP_HSB2_R5,X20210224_LP_HSB2_R6,X20210224_LP_JURKAT_R1,X20210224_LP_JURKAT_R2,X20210224_LP_JURKAT_R3,X20210224_LP_JURKAT_R4,X20210224_LP_JURKAT_R5,X20210224_LP_KARPAS45JC_R1,X20210224_LP_KARPAS45JC_R2,X20210224_LP_KARPAS45JC_R3,X20210224_LP_KARPAS45JC_R4,X20210224_LP_KARPAS45JC_R5,X20210224_LP_KARPAS45JC_R6,X20210224_LP_KARPAS45_R1,X20210224_LP_KARPAS45_R2,X20210224_LP_KARPAS45_R3,X20210224_LP_KARPAS45_R4,X20210224_LP_KARPAS45_R5,X20210224_LP_KARPAS45_R6,X20210224_LP_KE37_R1,X20210224_LP_KE37_R2,X20210224_LP_KE37_R3,X20210224_LP_KE37_R4,X20210224_LP_KE37_R5,X20210224_LP_KE37_R6,X20210224_LP_KOPTK_R1_2,X20210224_LP_KOPTK_R2,X20210224_LP_KOPTK_R3_2,X20210224_LP_KOPTK_R4,X20210224_LP_KOPTK_R5,X20210224_LP_KOPTK_R6_2,X20210224_LP_LOUCY_R1,X20210224_LP_LOUCY_R2,X20210224_LP_LOUCY_R3_2,X20210224_LP_LOUCY_R4,X20210224_LP_LOUCY_R5,X20210224_LP_MOLT4_R1,X20210224_LP_MOLT4_R2,X20210224_LP_MOLT4_R3,X20210224_LP_MOLT4_R4,X20210224_LP_MOLT4_R5,X20210224_LP_MOLT4_R6,X20210224_LP_MOLT16_R1,X20210224_LP_MOLT16_R2,X20210224_LP_MOLT16_R3,X20210224_LP_MOLT16_R4,X20210224_LP_MOLT16_R5,X20210224_LP_PEER_R1,X20210224_LP_PEER_R2,X20210224_LP_PEER_R3,X20210224_LP_PEER_R4,X20210224_LP_PEER_R6,X20210224_LP_PER117_R1,X20210224_LP_PER117_R2,X20210224_LP_PER117_R3,X20210224_LP_PER117_R5,X20210224_LP_PER117_R4,X20210224_LP_PER117_R6,X20210224_LP_PF382_R1_2,X20210224_LP_PF382_R3,X20210224_LP_PF382_R4,X20210224_LP_PF382_R5_2,X20210224_LP_P12ICHIKAWA_R1,X20210224_LP_P12ICHIKAWA_R2_2,X20210224_LP_P12ICHIKAWA_R3,X20210224_LP_P12ICHIKAWA_R4_2,X20210224_LP_P12ICHIKAWA_R5,X20210224_LP_P12ICHIKAWA_R6,X20210224_LP_RPMI8402_R1,X20210224_LP_RPMI8402_R2,X20210224_LP_RPMI8402_R3,X20210224_LP_RPMI8402_R4,X20210224_LP_RPMI8402_R5,X20210224_LP_RPMI8402_R6,X20210224_LP_SUPT11_R1,X20210224_LP_SUPT11_R2,X20210224_LP_SUPT11_R3,X20210224_LP_SUPT11_R5,X20210224_LP_SUPT11_R6,X20210224_LP_TALL1_R1,X20210224_LP_TALL1_R2,X20210224_LP_TALL1_R4,X20210224_LP_TALL1_R5,X20210224_LP_TALL1_R6
H1 [16] (K) Ac,4.285476101,5.04035026,3.963519211,3.474917891,4.062145752,2.59455433,4.338521237,1.875119451,1.995815752,4.260185912,2.404033697,3.858255311,3.510427769,4.047902482,3.619238783,3.75596595,4.185506058,4.130175903,3.429868201,3.743087518,4.148096636,3.941181143,4.021048002,3.281662936,4.060021141,4.303969683,4.534306714,3.783695486,4.210502871,4.1279375,3.898951586,4.011375842,3.901994019,3.563440244,3.858543389,3.847272806,4.316191828,3.704689698,4.384188898,3.724919566,3.73286087,4.073310408,4.05069936,3.847026337,3.913700089,3.845687289,3.621147972,3.268518199,3.776269943,3.484140951,3.782792058,4.689536076,3.805443785,3.776506754,3.290399195,4.124377354,4.498154973,3.709439443,4.518955388,3.021636742,3.659697681,4.102616916,3.753835224,3.668424879,4.198414689,3.627429179,3.710576602,3.963532568,1.573788571,4.031372536,3.847120193,3.293230975,2.717739895,3.821213543,4.275864536,3.94525236,4.025931202,3.962744359,3.944709089,3.91768388,3.793071326,4.012608339,4.62178206,3.099960383,3.582862322,3.650149361,2.74221991,3.760154691,3.894021965,4.209541689,3.890115158,4.056227523,4.082146443,3.910435773,4.331545644,3.60014177,3.332273917,4.52527105,3.742559881,4.049202194,4.536028583,4.227475551,4.051818028,4.066309616,4.032257594,4.360745392,3.838419445,4.336470813,3.950616844,4.95060667,3.873626572,3.489937502,3.674273663,3.741379535,3.197126754
H1 [16] (K) Bu,-3.287116738,-3.081777593,-5.253173498,-5.245651144,-4.933452661,-4.366813587,-3.189364019,-5.410729374,-2.404816835,-1.541519286,-3.649994776,-4.066795282,-5.775319183,-3.489051178,-6.058811729,-3.461919019,-4.009350353,-4.828163584,-4.348546504,-4.153015527,-3.800392454,-3.50129662,-4.17785964,-6.559887109,-5.104833405,-4.444339377,-2.921106141,-4.238597558,-4.74483989,-7.402693532,-6.36660889,-3.581310498,-4.812895232,-4.678108353,-3.56558131,-4.365698913,-4.315490577,-3.428890802,-3.042600137,-4.400143622,-5.11229978,-3.1229338,-3.228326686,-4.147369952,-5.033096131,-3.792401044,-6.765289005,-5.241645322,-4.483257758,-5.449526011,-2.429339906,-4.451561093,-5.051824489,-5.376492465,-3.719453033,-2.969246829,1.220954786,0.835611446,0.891843549,-0.114775244,0.239872692,0.789944416,-0.726014783,-1.064048113,-1.144665591,-1.735202622,-1.571358765,-6.131569457,-5.043219561,-3.838860233,-5.07779031,-4.05116756,-6.081178409,-5.452371096,-3.339514261,-5.59750575,-4.616586879,-5.150457494,-5.494598791,-4.207612927,-5.56696848,-4.95371139,-4.024824225,-3.377860886,-2.949093508,-3.886127717,-3.001246055,-4.556089637,-4.187692977,-4.461552009,-3.566365312,-3.099591956,-3.723622954,0.854899272,0.818293939,-0.237794305,-0.887588402,0.626926991,0.047715416,-2.099710086,-4.210335497,-4.134915882,-3.387985243,-3.922955722,-3.995542034,-2.237636557,-4.195241285,-3.836631199,-3.603721877,-3.100635879,-0.061412207,-0.639919574,-0.5108624,-0.847461048,-1.120380602
H1 [16] (K) Unmod,0.104639752,0.51814685,0.196304032,-0.179324873,-0.075258663,-2.157706171,-0.048697641,-2.711119038,-3.096981981,-0.021281671,-2.692909336,-0.873789302,-1.558449075,-1.21864639,-0.586999163,-0.232426001,-0.678257646,0.159465691,-0.903073647,-0.688961439,-0.810916475,0.091363975,0.479272122,-0.521391025,0.919928343,0.581166839,1.303822238,-0.172911499,0.310233458,-0.131520808,-0.165645035,-0.279149191,-0.226933042,-0.074827805,-0.193383242,0.316382005,0.548211494,-0.202098203,1.58354512,0.481275669,0.548476059,1.253429093,1.145227226,0.507509133,-0.254777964,0.467337019,-1.493735523,-1.646334476,-0.507435004,-1.111979026,-1.117197029,-0.420145689,-1.251744158,-1.052879173,-0.619936555,-1.451733424,0.227094597,-0.913197846,-0.154781522,-0.851537309,0.205717533,-0.29182683,-0.070409185,-0.450722966,-0.114694696,-0.045827534,-0.067561619,-0.094096026,-3.02285261,-0.792294089,-0.74319288,-1.695442234,-2.905060011,-1.326445663,-0.490147342,-0.679586089,-0.822698282,-0.629976008,-0.817944769,-0.829220903,-0.802755015,-0.259088543,0.04715801,-1.982929363,-0.544387012,-0.400328439,-1.439741558,-0.356497084,-0.628365339,-0.239232512,0.100829233,0.15920682,-0.243322987,0.925408511,-0.427508223,0.006046613,-1.167758478,0.799876631,0.248428172,-0.297390147,0.50172435,0.392378674,-0.144590495,0.508352622,0.266893562,0.288659298,0.335359091,0.850871546,0.305785231,1.933966141,0.347272339,-0.285562929,-0.422414925,0.086382474,-0.346891953
H1 [62] (K) Unmod,0.124282797,-0.146786671,1.034062141,1.318969839,1.041112056,1.617769962,0.237681807,1.761410027,1.957082639,-0.242973216,1.562039143,0.962519231,1.928456428,2.195181312,1.616909873,1.672228705,1.268592684,0.97477893,1.270539715,1.425734226,0.571929269,1.097565176,1.261294383,1.716940911,0.051528448,1.720556794,0.327490211,1.230897069,0.321696116,0.628839687,0.99437738,0.942732512,1.120687412,0.898891056,0.462258,0.694360902,0.618330245,1.109785221,0.216480389,1.254850032,1.284647826,0.80555134,1.039124523,1.079027803,1.039155654,0.77743975,1.569256383,1.443167951,1.920461127,2.15617997,1.402218624,0.079543808,1.888035125,1.868914341,1.713135266,1.674436992,0.449731373,1.382568851,0.290818916,1.157682807,0.501672156,0.67000081,0.715694429,0.903433928,0.252677618,1.424342696,0.6419946,0.978608625,2.453760796,1.623307224,1.523095038,1.516661723,2.230920931,1.982644053,1.043101206,1.668735521,1.823198448,1.703768447,1.30108904,1.41746102,1.37247205,1.064773048,1.291859511,1.53063633,1.135996116,1.256500043,2.599699519,1.394886736,1.593950439,1.070616184,1.018117929,1.190797071,0.530429777,0.137026648,0.023276024,1.288661661,1.590837916,0.823433427,1.032617791,0.486421574,0.421027936,0.670632148,1.21003589,0.810801106,0.864046722,0.694085357,0.953839776,0.828207349,1.441105552,1.121809369,0.046983801,1.1978328,0.996467607,0.49359347,1.666873259
H1 [63] (K) Ac,-2.110648471,-2.143662237,-0.090294228,-2.184311277,-1.282770766,-0.206932775,-3.546647003,0.345973591,-1.163828821,-1.981427354,-0.591351456,0.716097651,0.435309701,-1.330879489,-1.491204061,-0.79372425,-0.581957096,-1.432385388,-1.467822548,-1.094131953,-1.604855221,-0.300982118,-1.460889632,0.244720502,-2.016756951,-1.387272085,-3.213368473,-0.680828368,-0.799725073,-0.999932671,-1.381264183,-2.120767928,-2.021035646,-0.564997498,-1.441339403,-0.403394065,-1.959428807,-1.787394433,-1.268819052,-0.85307834,-0.588762938,-0.211668793,-0.664808389,-0.097500388,0.223720088,-0.84542619,-0.262110976,-1.006369932,-0.325886224,-0.939473095,0.534064556,-0.990342624,-0.406049176,-0.053936838,-1.734827777,-1.135416008,-1.636747535,-0.345336401,-1.496209241,-1.582136986,-1.679771797,-3.088075256,-0.982034684,-0.644777412,-1.418248917,-1.434137227,-1.646985438,0.171983161,1.028877047,-0.872339692,-0.675672265,-1.436639256,0.243852566,0.401492186,-0.375881789,0.205513918,-0.711265621,-0.845024824,-0.291153251,-0.266660412,0.774651756,-0.442598828,-2.145847911,-0.222664631,-1.514653949,-0.425533288,-0.255371847,-2.045879385,-1.071991625,-1.100030196,-0.632639565,-0.212158061,-1.891298326,-1.068076466,-2.351925597,0.212795963,-0.704467162,-1.550223336,-1.944435906,-0.654422194,-1.179196417,-0.461840659,-1.821638709,-2.337044987,-2.059926634,-3.375254293,-1.0382787,-0.964917388,-0.689031269,-1.521251224,-2.161859134,-0.019548787,-0.966441798,-1.094728319,-1.17377749
H1 [63] (K) Unmod,0.633113111,0.633588242,1.708749076,2.068600785,1.843577625,2.337384113,0.98051423,2.433302015,2.817779713,0.718840443,2.387101698,1.627678641,2.568165053,3.205846419,2.447677067,2.316759779,1.97725845,1.674303392,1.96196808,2.071557872,1.457949282,1.726376186,2.047104284,2.380072659,0.498021725,2.127482664,0.747237483,1.944574318,0.786895498,1.289123153,1.836735785,1.694073538,1.874556722,1.547724444,1.148649018,1.330762377,1.463609095,1.886389466,1.051121235,2.056560135,2.030701253,1.465901099,1.775824083,1.722895291,1.553866527,1.483381813,2.207824646,2.279912922,2.606505128,2.785953099,2.054050219,0.97193701,2.535021124,2.535100225,2.460911733,2.555827014,1.258808942,2.011780089,1.129394367,1.921663195,1.065886977,1.509383392,1.405810722,1.438921822,0.98456544,2.258013643,1.474998662,1.56339739,3.075039805,2.34300794,2.244778035,2.240629397,3.065341832,2.676203147,1.601839643,2.279275034,2.542386297,2.522697213,2.049294814,1.930230354,2.052846222,1.501114041,1.706511098,2.121871931,1.848806326,1.916641001,3.463161672,2.118094789,2.283067966,1.89553411,1.774079703,1.847643421,1.395144909,0.798651999,0.789238622,1.957588662,2.412943757,1.237570353,1.770768085,1.170232001,0.979872817,1.327511584,2.034065403,1.566653358,1.685183753,-0.128180496,1.564716624,1.452080637,1.879882143,1.57955822,0.774239628,1.787215698,1.654880039,1.221062623,2.345479539
H2A [5] (K) Ac,1.708338612,1.423691986,1.668860439,1.790089118,1.779797472,1.973008989,1.937691205,1.620264466,1.556074306,2.239427884,2.294060825,1.531597602,1.709049619,2.048189587,1.581188679,1.717206937,1.019881642,1.307578095,0.648055932,1.297531762,1.74393942,1.659479303,1.573474167,1.299905366,3.023287416,2.834406938,3.348983986,1.143153093,1.298999745,1.15064626,1.340396408,1.323241703,1.37762912,0.754976078,0.801372899,1.129396853,1.744679247,1.298037265,2.156026189,1.469601128,1.901732955,1.960247362,1.983236096,1.702864512,1.506312878,1.928479633,1.80359796,1.517469429,2.057512754,1.926081645,1.23601165,0.660850413,1.358506603,1.73896865,1.962218153,0.993037479,1.334204857,1.336890469,1.027940294,1.520097925,1.20641369,2.229609078,1.072337113,0.710943293,1.405453572,1.796562607,1.528699121,0.674484801,-0.056192665,0.697243,1.01490079,0.684483912,1.041643015,0.53298359,1.139570528,0.810614991,1.356358889,1.381615206,1.232411593,1.552340566,1.688219374,2.734586061,3.02077517,1.848221751,1.889719139,1.878603027,1.157391174,2.072797741,1.714216519,1.831803708,2.084047267,1.568694816,1.971125546,1.701190119,1.652256187,1.90980121,2.078792766,3.031991694,1.998250642,1.210193897,1.636610503,1.700533537,1.771734937,1.977689893,1.909752844,0.804358963,0.017365887,0.678769067,0.99723836,2.110565544,1.943031769,1.875709953,2.133216748,2.395959025,2.368105537
H2A [5] (K) Unmod,3.702205476,3.441780915,3.500678532,3.868385791,3.76247248,3.699491684,3.371319431,3.34744493,3.108140407,3.446484311,3.752350589,3.415047626,3.360873009,3.497916496,3.332217099,3.675227468,3.657437973,3.908076034,3.447756276,3.876540723,4.18422663,3.703958561,3.607398702,3.219811436,4.97813317,4.900035108,5.250287026,3.797107897,3.890404105,3.861903789,3.921603823,4.160922434,4.352878963,3.403727785,3.88279765,3.93924714,4.339206649,4.260850772,3.489852491,3.365428936,3.430095253,3.396386349,3.644930092,3.425201276,3.297449734,3.108318175,3.361015598,3.314900631,4.036928896,3.691643373,2.95244993,3.122661767,3.500313517,3.687046638,3.089074296,3.290492701,3.847541598,3.770251856,3.576166455,3.825700227,3.937015757,4.156550795,3.029795705,2.738401107,2.732246067,3.406251728,3.120609848,3.001950039,2.98851011,3.66512982,3.376085938,3.369900854,3.650627125,3.281914707,3.51317404,3.635819014,3.96787773,4.128856365,2.993135064,3.027793656,2.966082453,4.001734024,4.403318376,3.279467891,3.151780333,2.876659393,2.668157521,3.320990209,3.413464279,3.334003458,3.498479593,3.248839808,3.42585504,3.421285077,3.499958248,3.267513037,3.361602425,4.41582295,3.60992561,3.532941767,3.750717798,3.68704533,3.786394505,3.982145838,3.928982692,4.032741881,3.382255109,3.899653561,3.761433106,5.018129483,3.299645199,3.232732757,3.473946106,3.670959563,3.743650481
H2A [99] (R) Me2,-0.54791517,-0.029280106,-2.210613902,-0.96766483,-1.259811692,-1.473875839,-0.064432509,-0.820039072,1.185703419,-3.026742513,-2.263994308,-1.521754483,-0.951259985,0.466267513,-0.892856538,-1.691780968,-0.146411363,-0.016078242,-2.137527327,-1.243195938,-5.094493151,-0.530597107,-0.741735176,0.972247147,-1.974037497,-2.024453507,-1.99665414,0.025218488,-1.106608366,0.255439029,-0.4791383,-2.323302543,-1.434222333,0.280678701,-2.194659702,-1.99568622,-1.693931964,-1.054791287,-2.941785596,-1.200058724,-1.446739635,-0.82041656,-2.038265703,-0.324638816,-1.774378759,-2.11741703,-1.220953787,-1.335987728,-0.63552535,-1.028370937,-0.477090252,-0.38362151,-1.175487571,-0.900241802,3.792879303,-0.383959659,-3.523112917,-1.888940588,-2.345537003,-2.212349731,-1.762427658,-0.5309789,-2.045250922,-0.894996146,-2.462523162,-1.380236178,-1.230447095,-0.794197844,0.389092302,-1.652696475,-0.797205204,-2.019648455,-2.165075916,1.154508829,-1.603111033,-0.41578335,-1.259533952,-2.315757594,-0.108721095,-0.343916145,0.371847571,-1.525595517,-1.194551733,-1.309775739,-0.641978867,-0.347346706,1.291444045,0.518848055,-1.198275403,-1.485533359,-1.454059469,-0.916982932,-0.455752859,-1.989665837,-1.061179543,-1.565223301,0.925260699,-2.2796345,-1.220254472,-1.924280599,-1.410673366,-2.980252937,-1.386540572,0.444026317,-0.309368189,-0.823644444,-0.373811463,-0.969301289,0.222852147,-1.532611764,-2.205251503,0.237904238,-2.54965026,-2.218882496,0.216475287
H2B [108] (K) Unmod,-2.056511359,-2.375841015,-1.06055381,-1.297789575,-1.56856485,-1.923730109,-1.036814856,-1.98970394,-0.290621916,-5.085401806,-1.487592022,-1.99629417,-1.033123025,-0.180994185,-0.930515189,-0.459820494,-0.152148542,-1.607395058,-1.116618694,0.15266331,-1.370436839,-1.655898308,-1.458568948,-0.934251881,-1.483004633,0.193432233,-1.389846025,-0.945779281,-2.011633043,-1.697882079,-0.968248541,-1.230949679,-0.969337913,-0.938123887,-2.418337823,-1.428030688,-1.948043168,-0.558161659,-4.531408215,-2.138806068,-1.545446878,-3.295459182,-2.289703951,-1.102484586,-1.687005101,-1.768376547,-1.211939061,-0.629871685,0.177012461,-0.553886671,-0.772052958,-2.514970264,-0.152432539,-0.173991525,-0.501590168,-0.327829568,-2.257244984,-2.533445747,-1.947604437,-1.262075815,-2.346513796,-2.713003907,-1.556617004,-0.997624908,-1.46609878,-0.325857542,-1.127634949,-0.93127697,-0.800525193,-1.173039556,0.148735656,-0.97664248,-0.584534177,-0.161511319,-1.579716037,-0.404967673,-0.288468822,-0.568201626,-0.551702942,-0.837418154,-0.16798263,0.00314467,-0.338646791,-2.321110203,-2.436961544,-1.434261655,-0.456251108,-1.946077243,-0.722120487,-0.737910333,-1.388885494,-1.400378967,-0.776949846,-2.890376848,-1.762732346,-0.913644998,-0.095065232,-1.118555863,-0.798282461,-2.42042074,-2.202327225,-2.10616463,-1.87055228,-1.150862694,-0.849251008,-2.667919091,-0.743008192,-1.398715711,-0.195736553,0.622497242,-3.078999932,-0.518962517,-2.411693318,-1.738876689,-0.734608681
H31 [14] (K) Ac,-1.649145053,-1.771769402,-2.022853338,-1.804997486,-1.967113946,-1.155530588,-0.735687166,-1.255599256,-1.645499733,-0.923890288,-1.288613923,-1.498803205,-1.699581238,-1.557434336,-1.576770215,-1.495544644,-1.22516412,-0.953163729,-1.659727805,-1.315051835,-1.24564521,-1.196309742,-1.158794072,-1.143775593,-0.778656838,-0.199616425,-0.361537176,-1.491322236,-1.304058868,-1.492925135,-1.472432579,-1.387834188,-1.148463015,-1.180748448,-1.232137439,-1.012920685,-1.168852171,-1.025690063,-1.647577684,-1.428508549,-1.513817237,-1.667034902,-1.305069674,-1.350213763,-1.55863727,-1.411273752,-1.373309128,-1.48800776,-0.660648179,-1.496996572,-1.400594644,-1.708044275,-1.237428,-1.212663815,-0.824944525,-1.34446245,-0.935982165,-1.150052217,-1.253312099,-1.327584212,-1.432518324,-1.113517542,-1.465441201,-1.581213449,-1.658165039,-1.304748653,-1.664985862,-1.536316606,-1.836299468,-1.187126772,-1.56768894,-1.674190319,-1.379820947,-1.23393561,-1.230903365,-1.30469147,-1.217481062,-1.433591843,-1.125011133,-1.334562567,-1.117714159,-0.491881493,-0.150060181,-0.919629424,-1.171439548,-1.10842185,-0.524876478,-0.920615199,-0.951884743,-1.171221146,-0.842119924,-0.960081013,-1.086786653,-1.588026224,-1.24778641,-1.70267453,-0.69026978,-0.481365726,-1.287643982,-1.413259261,-1.161886002,-1.341347195,-1.677059636,-0.91511742,-0.773436457,-1.821955613,-2.292139969,-1.896001379,-0.545480921,-0.316290462,-1.775076439,-1.617639178,-1.495141218,-1.648769151,-1.510418312
H31 [14] (K) Unmod,-0.65924787,-0.906000065,-0.542847628,-0.301244042,-0.791728369,-0.499584328,-0.378691291,-0.630656354,-0.982336405,-0.525678597,-0.687539892,-0.681740552,-0.678175668,-0.781747301,-0.743134528,-0.37836845,-0.633270566,-0.284407454,-1.000230821,-0.830697725,-0.975719556,-0.258696681,-0.397188756,-0.160966177,0.132126219,0.709851781,0.559913073,-0.779090744,-0.39346905,-0.668477352,-0.749587552,-0.605533302,-0.319235041,-0.245562354,-0.407465407,-0.195045209,-0.300986378,-0.175829915,-0.853334672,-0.623062089,-0.785284387,-0.900465699,-0.456179721,-0.507592597,-0.608592155,-1.112782798,-0.517248297,-0.513275615,0.252301407,-0.497048343,-0.959323678,-0.93507398,-0.708854475,-0.657553843,-1.475468142,-1.159308747,-0.835338872,-0.893631843,-0.96427306,-0.986153991,-1.121440943,-1.041736617,-0.877413197,-1.221120641,-1.348362623,-0.947444366,-1.340766866,-0.8398814,-0.920115217,-0.141762953,-0.890171841,-0.739081434,-0.306487989,-0.595037272,-0.716977336,-0.698642364,-0.519120606,-0.627985486,-0.399446899,-0.601524769,-0.19416082,-0.194144842,0.457969637,-0.707704589,-0.786656764,-0.736109016,-1.157536284,-1.150439607,-0.473850002,-0.711133805,-0.58963483,-0.727420438,-0.936864408,-0.957358313,-0.85611847,-1.312967108,-0.521396858,0.294978786,-0.524424193,-0.632959184,-0.35610244,-0.466914995,-0.765513435,-0.18696329,-0.073789856,-0.441544582,-0.986400365,-0.701534473,0.526747272,1.266052351,-1.017117846,-0.840168764,-0.60970158,-0.993032905,-0.695460973
H31 [18] (K) Ac,-0.579675481,-0.563808833,-0.833621033,-0.640773044,-0.398939605,0.559331925,0.836334623,0.257823097,-0.421253977,0.713806191,0.795152198,-0.723732672,-0.626779803,-0.384739812,-0.580734537,-0.302839449,-1.048611898,-0.511402521,-1.064656713,-0.871778628,-0.769158778,-1.349642657,-0.964624682,-1.461060912,-0.878631788,-0.135040293,-0.278729266,-1.729263613,-1.337256413,-1.621381193,-1.606741913,-1.774152405,-1.15449131,-0.409111953,-0.19246144,-0.313302422,-0.193465908,-0.095481141,-0.013003106,0.269769553,-0.049789681,-0.14376758,NA,-0.0472777,-0.939122533,0.192979401,-0.55353437,-0.648645148,-0.038688543,-0.269868655,-1.52627224,-0.978240438,-0.454373498,-0.559693208,0.684760435,-0.429151718,-0.078796579,-0.107080551,-0.146797869,-0.349176772,-0.32999698,0.25465013,-0.006119465,-0.576346031,0.320521234,0.320776001,0.011248333,-1.199402536,-1.900346787,-0.71911309,-1.062336856,-1.14151743,-0.674737075,-1.095006622,-0.696173865,-0.955998208,-0.369171028,-0.525968924,-0.963152387,-0.623773322,-0.517411411,-0.556104277,0.534872789,0.154323827,0.22660585,0.204130172,0.515608069,0.559853471,NA,-0.021220471,0.389352087,0.058650066,0.518987358,-0.018274021,0.459901677,0.008692063,0.727018667,1.097045511,0.705344534,-0.353108663,0.000185918,-0.054780796,-0.598224292,0.264606124,-0.05338825,-1.341744289,-1.742307894,-1.116077432,-0.540961435,-0.031508254,-0.019477621,-0.0667575,0.308339923,0.440482303,0.199437614
H31 [18] (K) Unmod,3.235672716,3.139370779,3.142136006,3.297815203,3.45458658,3.562686657,3.630682791,3.189147322,2.898449846,3.407478343,3.499331296,3.062440613,2.976624204,3.071550424,2.795642005,3.112523593,3.064916719,3.303622773,2.708905321,3.000402101,3.163753787,3.133132131,3.301472793,3.06858171,3.004433791,3.598195827,3.44768158,2.806597277,3.244932764,2.914950031,2.670102989,2.630637942,3.076359034,2.836933964,3.183712509,3.132816713,3.352468882,3.296752958,3.140056923,3.457837606,3.191378822,3.003827327,3.37665287,3.355196766,2.916514248,3.043444276,3.081157529,2.697302481,3.61478802,2.947413739,2.844739465,3.031332987,3.379341367,3.186333556,2.633897991,2.835341413,3.324739845,3.485030529,3.549354397,3.060318773,3.162699286,2.987695201,3.105022118,2.939377721,3.263042925,3.123056256,2.96610092,3.221296394,2.796964974,3.494405291,2.925294761,2.973775852,3.34308576,2.927156816,3.08836899,3.09983244,3.485663638,3.292602463,3.009566678,2.964510327,2.90226633,2.889802439,3.812195664,3.496048858,2.998752048,3.159862359,2.556444342,2.499162817,3.488050973,3.294418619,3.179346791,3.267094896,2.846618308,3.067352622,3.307994801,2.909046272,3.279048396,3.993756003,3.559276924,3.096962721,3.162051983,3.097521643,2.91553821,3.241400862,2.977491725,3.386497248,3.095350263,3.501520044,3.240430642,3.99271672,2.818298407,2.957653831,3.030955519,3.073210311,2.962475851
H31 [23] (K) Ac,0.231641616,0.197656846,-0.149764499,-0.017798643,-0.011077181,0.868795648,1.224208146,0.558959632,-0.229266844,0.533931009,0.791011235,-0.31265549,-0.362889906,-0.140016609,-0.378176865,-0.115555598,-0.3954789,0.062771672,-0.676746004,-0.367471651,-0.122037288,-0.950772105,-0.349876552,-0.954740343,-0.58995968,-0.014144233,-0.081919538,-0.966818062,-0.502868989,-0.829327812,-1.159821439,-1.386292879,-0.411384968,-0.129206319,0.236159748,0.071598788,0.131239771,0.140851705,0.31024814,0.659677793,0.262179655,0.089533786,0.389177111,0.287073248,-0.548198331,0.53284433,-0.197531477,-0.461315857,0.171398729,-0.146858392,-0.394589455,-0.312777055,0.169754665,-0.171747267,0.946570677,0.048378101,0.637351565,0.536929917,0.670600187,0.038684715,0.057869359,0.550160479,0.479089196,-0.003885964,0.749450655,0.532376886,0.323031898,0.076143958,-0.599474271,0.283700031,-0.576181945,-0.567241432,-0.212716688,-0.25920203,0.025570265,-0.330167758,0.018691601,-0.138085961,-0.42713157,-0.244554614,-0.034041021,-0.124887554,0.720982431,0.657777741,0.517093207,0.433475816,0.861077953,0.53857184,0.282297957,0.459184458,0.559748272,0.300383674,0.372843621,0.219948007,0.801194147,0.134681313,0.654260592,1.085534143,0.716584383,0.15125209,0.244893628,0.192943432,-0.410807988,0.380695319,0.141389271,-0.619670338,-0.94699532,-0.357603344,-0.000280672,0.503759795,0.089283992,0.015933158,0.085722274,0.185717661,0.142735962
H31 [23] (K) Unmod,1.309174033,0.833940363,1.149789678,1.327584017,1.520524342,1.134296468,0.868257957,0.735583413,0.645679776,0.793491369,1.01302821,1.087770401,1.089245356,1.340940361,0.997340746,1.489363949,1.060166287,1.059425089,0.956434233,0.876558861,0.813294017,1.42344011,1.324159847,1.367404109,2.223652678,2.896982858,2.277240104,0.726569736,1.176950926,1.059097813,1.152718029,1.314764616,1.09369628,0.77850101,0.784843744,0.893971927,0.751177334,0.758687724,0.953137799,1.186403805,1.026671136,0.981232955,1.358982374,1.64719186,1.096029343,0.911012433,1.174879095,1.025089634,1.928731294,1.405404079,0.674354763,1.005310912,1.150552316,1.209007236,-0.64636894,0.123814352,1.274896648,1.24330501,0.851087518,0.879346268,1.038937545,0.617429856,0.46067359,0.759613847,0.585468559,0.537397919,0.518959348,1.249192383,0.965228921,1.208767443,0.765772287,0.859067442,1.295097288,0.772887305,0.763584527,1.410717178,1.266702814,1.057164213,1.341362415,0.920667797,0.730107764,0.863022838,1.891456629,1.01693635,0.428671021,0.683853765,-0.849184157,-0.083764573,1.145401165,0.842142777,0.775086514,0.901361576,0.352690871,0.918651105,0.986196359,0.69090197,0.809399443,2.140732825,1.342969974,0.884349256,1.209099911,1.189697997,0.667435912,1.297230199,0.665496713,1.504837917,1.443349558,1.634916889,2.145920974,3.319077785,0.628732689,1.118683497,1.227177808,1.265434508,1.034853825
H31 [27] (K) Ac,-4.722867831,-4.357409818,-4.696300771,-5.890443594,-5.537931252,-5.266793761,-4.820901186,-4.889556682,-5.522046035,-5.759956409,-6.114199894,-3.923613156,-4.347399323,-4.684694733,-5.602223461,-5.22980679,-3.871763311,-4.304184693,-4.86623154,-3.411462612,-4.020894792,-4.586478339,-4.761129732,-5.967367555,-3.993683176,-4.848887732,-4.721897613,-4.72664028,-4.139511741,-4.759312265,-5.069468965,-5.864830991,-5.769582356,-4.695778313,-4.797264789,-4.48997465,-5.587495111,-5.605339649,-4.613716508,-4.840680083,-4.589682326,-4.610868762,-4.482125921,-4.261351834,-3.878031327,-4.036747738,-4.898769678,-5.165887883,-4.737827998,-4.927265138,-3.39028424,-4.028863961,-4.243195943,-3.807318086,-4.238153923,-4.31172254,-4.666268878,-5.181216337,-4.822919294,-5.43024631,-5.397587352,-6.285783837,-4.310323298,-4.512009289,-3.928366813,-5.131148111,-4.886565537,-3.925146657,-4.435324413,-5.653858226,-4.631335189,-5.344728358,-4.850923884,-6.189644977,-6.053957294,-6.510741223,-5.528577437,-5.927625168,-6.334841292,-5.732193229,-4.81723466,-4.332432429,-6.51323463,-5.197155956,-4.868962729,-5.412557314,-4.222082748,-5.206519325,-5.72600022,-4.062088411,-4.972483463,-4.475040902,-5.049718502,-4.28791855,-4.682527668,-3.972841483,-4.817903959,-4.828650196,-5.782316721,-4.441632683,-3.627582924,-3.245353083,-4.190745166,-4.293589038,-4.615529177,-3.780566679,-4.147200468,-4.034933844,-3.758707044,-3.032374493,-3.912739133,-3.17741236,-4.328836232,-3.847666019,-4.222648158
H31 [27] (K) Bu,0.043396333,0.664136547,0.315011534,0.283440929,0.602918721,0.230545908,-0.523077336,0.219162573,0.390648104,-0.197986086,0.118646583,0.50893313,0.5831515,1.340832316,0.409611994,0.451113632,0.655373227,0.66279152,0.615328827,0.59005203,1.689783735,0.257962257,0.703668469,-0.387581587,-1.020643457,-1.157516247,-1.229510829,0.600553384,0.416945603,0.392395209,0.511540564,0.640816158,0.532166295,0.386043503,0.409973388,0.351211117,0.594094571,0.540058536,0.818754563,0.551947912,0.841034399,0.840459839,0.952451093,0.602094198,0.405333167,0.684020972,0.435619332,0.566981687,0.177921892,0.564294861,0.080899263,1.138714531,0.936861725,1.09760524,1.007990762,1.109257979,0.45678142,0.603011927,0.623804556,0.608932394,0.488894248,0.772518827,1.065132347,0.945888696,1.123539523,1.381214598,1.098782701,0.439154027,0.593458433,0.649503681,0.653473129,0.525289487,0.696789159,-0.126648962,1.049586408,-0.171754387,0.344477054,0.262304233,-0.588751266,-0.17979946,-0.350897531,-1.737054468,-1.201760559,0.218524093,0.136093489,-0.105396196,0.91712426,0.687746772,0.136948129,0.514454026,0.242829329,0.221912657,0.594724563,0.578819564,0.438345089,0.758705454,0.669976507,-0.293129485,0.433190445,1.398933067,1.007571416,0.873788774,1.311848128,0.521092157,0.91613463,0.780286184,0.738441693,1.126564958,-0.041377957,-0.186256812,1.236858226,1.087604758,1.022785316,1.006385245,1.346245685
H31 [27] (K) Me2,1.188342448,1.972945026,1.438736783,1.501232533,1.940488478,1.640437733,0.773885767,1.578070976,1.732892284,1.087739349,1.518048457,1.500604619,1.627133347,1.963017788,1.509043705,1.805292772,0.473251134,0.624711524,0.373687349,0.309904358,-0.359818931,1.594703132,1.661059362,1.202068419,0.413707561,0.394167521,0.20554601,1.619613891,1.359635542,1.658327155,1.578288425,1.674103968,1.766698044,1.412413628,1.718218304,1.652181066,1.911434126,1.926207727,1.672066784,1.789076112,1.94309811,1.675963435,1.842258622,1.628208848,1.474612614,1.511975677,1.513041054,1.673607991,1.360473041,1.751130303,0.371539206,0.273106125,-0.119636496,-0.878781962,-0.983008106,-0.709617008,1.601324818,1.504894151,1.594989018,1.607816121,1.611963322,1.733484754,0.140066304,-0.171210194,0.102640455,0.347140608,0.110285868,1.473212396,1.663106874,1.758255981,1.646220184,1.70915557,1.861114252,1.779881708,1.181289138,1.392883034,1.76838468,1.696529429,1.302829413,1.191245147,1.588230508,0.077910418,0.604730343,1.28168958,1.21374696,1.086173936,1.817690225,1.692510714,1.253651711,1.791311675,1.426057446,1.535152251,1.622288258,1.683949016,1.242422628,1.644000668,1.369904337,0.918940651,1.540126194,0.68534345,1.11168026,1.107893818,0.84315391,0.606009123,0.999719275,1.753383642,1.632466531,2.045716102,0.939020737,0.662771277,1.091093556,1.040708799,1.060995814,0.999427384,1.292788886
H31 [27] (K) Me3,0.515135217,1.130488519,0.90969526,0.99602131,1.701562281,0.809117149,-0.493418479,0.776653926,0.839947584,0.410247356,0.874374541,0.329735546,0.684349763,0.847625164,0.481968173,0.966417123,-3.57778403,-3.633162813,-3.49177974,-3.672744452,-5.248325894,0.729936115,-0.12243844,0.284089793,-0.505918753,-0.660361618,-0.679191665,0.144350429,-0.100813131,0.105052931,0.053803695,0.132730766,0.511299154,0.296124407,0.849558591,0.641827022,1.024769694,0.979633453,-0.000384798,0.236208731,0.277157175,-0.031835862,0.14752296,-0.022018625,0.255500939,-0.254174368,0.48404397,0.580858707,0.332464062,0.907993148,-4.017858249,-3.297387205,-3.408944957,-3.835669953,-3.586782141,-3.996808592,0.590622865,0.636442863,0.622168884,0.801028524,0.918998078,0.73560731,-4.0729326,-3.661070463,-2.125119841,-3.43634593,-4.057729254,0.441460194,0.790414291,0.888105605,0.558433931,0.783675508,0.958414588,0.504966567,0.271492138,0.365624682,1.00308818,0.959825903,0.373402438,0.734659347,0.504168989,-1.063804725,-0.360466975,0.440955479,0.539797485,0.526929482,0.640886146,0.694291014,0.653852357,0.38696808,0.292930713,0.430660027,0.075229445,0.906633686,-0.159774475,0.755944654,-0.02554713,0.300947672,1.058491186,-1.837476297,-1.489575026,-1.497305441,-1.901340152,-2.04888441,-1.679959092,-0.2777041,-0.206724425,0.414319965,-0.970715194,-1.26472414,-1.53056505,-1.281075499,-1.522062965,-1.60997161,-1.35149555
H31 [27] (K) Unmod,-1.62439318,-0.969566199,-0.939006782,-1.192542154,-0.965173299,-0.78301422,-1.35225199,-0.883561495,-0.677286102,-1.008491933,-0.86161476,-0.896962189,-0.89194863,-0.280305371,-1.104439496,-1.166369125,-1.134480983,-0.260351178,-0.402960916,-0.256549405,-0.805333582,-1.155029976,-1.056753023,-1.772860906,-2.371392865,-2.585592679,-2.471340648,-1.061891716,-1.148584929,-1.144721292,-0.922195593,-1.018211371,-0.852208423,-1.214888868,-1.313753804,-1.219823901,-1.182751077,-1.166800735,-0.781335382,-1.361984779,-0.757654648,-0.778994305,-0.717236066,-1.114843132,-0.864570847,-0.980841428,-1.105596066,-0.803413046,-1.405967268,-1.056759755,0.702069591,1.093339479,1.05436325,1.239644139,0.461522913,0.525826634,-1.400333689,-0.732800477,-1.204257423,-0.798000416,-0.907369437,-0.616705295,0.292459578,0.254645,0.365871396,0.75140792,0.396346936,-1.191729325,-0.84609609,-0.837308677,-0.740619777,-1.05528034,-0.803358626,-1.622048437,-1.660690803,-1.489318813,-0.809897433,-0.794012138,-2.125476854,-1.60967858,-1.638275244,-3.55597883,-2.399932235,-1.077189669,-1.060598368,-1.298107651,-0.612002707,-0.707355495,-1.037491566,-1.246264866,-1.283648099,-1.364033351,-1.096327132,-1.13006973,-1.02460384,-0.666467607,-0.92101651,-1.928506771,-1.150357494,-0.53997731,-0.27867965,0.033137754,-0.148453342,-0.573731641,0.036060366,-0.947681944,-0.915932299,-0.581842067,-1.81505386,-1.869289686,-0.064547054,-0.424663816,-0.293196282,-0.413524466,0.013030456
H31 [36] (K) Bu,-1.50854287,-0.974102525,-1.118293262,-1.411627767,-1.101166227,-1.390442612,-2.171109153,-1.241697461,-1.222026159,-1.666763028,-1.506066451,-1.052188126,-0.941979715,-0.601772882,-1.372325491,-1.209547125,-1.161567995,-1.660803191,-2.106702526,-1.11319728,-0.759134861,-1.147732648,-1.203075342,-1.885129775,-2.336067343,-2.520735261,-2.484133595,-1.061595147,-1.088188999,-1.238032456,-1.230224773,-1.190145579,-1.088809644,-1.111956091,-1.0124967,-1.005451605,-1.002020439,-1.015337586,-1.063753424,-1.238848288,-0.97902706,-1.049420011,-0.95977521,-1.192578623,-1.130270995,-1.197186423,-1.26558413,-1.196815693,-1.455764565,-1.154385832,0.734726846,-0.655416618,-0.964361225,-0.56912415,-0.603151247,-0.317947399,-1.401299828,-1.158844606,-1.349066386,-1.179314805,-1.232221857,-1.001701258,-0.781049053,-0.798543924,-0.579973045,-1.036937323,-0.980943597,-1.01386412,-0.811083508,-0.905276197,-0.914285536,-1.085057753,-0.91061019,-1.781698471,-1.123773142,-1.714857091,-1.253946949,-1.30524041,-2.332498263,-1.718895477,-1.636559414,-3.295262091,-2.702528855,-1.593602322,-1.408189096,-1.675204687,-0.590277804,-1.165656594,-1.640382544,-0.924532026,-1.271232026,-1.060947877,-1.229207323,-0.998946617,-1.287204156,-0.797414931,-1.319688012,-1.699874332,-1.20442286,-1.303081915,-0.83631921,-0.846401592,-1.044279173,-1.366212294,-1.584862569,-1.016627381,-1.143393787,-0.660783443,-1.766082637,-2.016282478,-0.644694095,-0.7438099,-1.041230282,-0.747828023,-0.865901227
H31 [36] (K) Me2,-1.350478357,-0.770323849,-1.510416271,-1.669112185,-1.441898897,-1.551063675,-1.945702275,-1.56813077,-1.693219168,-2.554541388,-2.049104684,-0.808810374,-1.03073125,-0.525356921,-1.656878506,-1.276439391,0.11316945,0.185931283,-0.070216786,0.285963568,-0.56151761,-1.537940905,-1.351219438,-2.590952882,-1.949704481,-2.451454467,-2.875355245,-1.385415533,-1.202227593,-1.342623032,-1.512570963,-1.663865697,-1.34708033,-1.561989019,-1.466921889,-1.355387798,-1.750097733,-1.700440202,-1.005770094,-1.281297494,-1.029279614,-1.064530636,-0.876269503,-0.965940037,-0.788179185,-0.994434796,-1.375473366,-1.261494867,-1.357667938,-1.257281907,-1.406305303,-0.680685773,-0.787945771,-0.586544057,-0.998992969,-1.191708846,-1.083993689,-1.401899443,-1.134337348,-1.517606122,-1.681200694,-1.401028638,-1.503804363,-1.877048456,-1.399100315,-1.85208668,-1.865437561,-1.003809175,-1.243026984,-1.413057719,-1.301990495,-1.546852985,-1.248048171,-2.048769947,-3.457597968,-2.421567016,-1.925421333,-2.051601405,-2.511802313,-2.373926251,-1.884692292,-2.240061046,-2.593679229,-1.566339569,-1.804463825,-2.090362501,-1.526511614,-1.763945862,-1.907371736,-1.096344906,-1.697170784,-1.603635782,-1.539171545,-0.968245412,-1.444820332,-0.795114571,-1.033146894,-1.630009913,-1.657966427,-0.632609328,0.040332362,0.379722864,-0.251601246,-0.482014414,-0.090697553,-0.568855821,-0.854953255,-0.73138087,-1.60095354,-1.493128379,-0.587057901,-0.3003153,-0.655926252,-0.617840132,-0.376550858
H31 [36] (K) Unmod,-0.260871451,0.523938918,0.401285528,0.422374558,0.816102008,0.971225985,0.404496616,0.836595359,0.959461915,0.59949181,0.914863686,0.287494637,0.381833399,0.649808192,0.32730049,0.589497895,-2.058806259,-1.571231786,-1.380465933,-1.570891579,-3.124892414,0.416371852,0.51486004,-0.143790338,-0.831384316,-0.909625005,-1.039060636,0.187458254,-0.099545266,0.186115961,0.240777554,0.237752353,0.468040141,0.1098787,0.256971348,0.307710379,0.579718238,0.556972026,0.37588854,0.306465782,0.607831344,0.381377528,0.523365911,0.347668692,0.30259493,0.2556345,0.261014852,0.522801184,0.177068967,0.608809438,-1.268020912,-1.55037654,-1.942518682,-2.363737654,-1.997135493,-2.502453278,0.297615073,0.53242186,0.496908541,0.613604036,0.596581121,0.668143658,-1.694326793,-1.724931241,-1.273698883,-1.420279763,-1.753558103,0.174967898,0.447773431,0.519551737,0.464965392,0.488783093,0.676775736,0.630284851,0.431713598,0.390786935,1.091332306,1.070315999,0.105320736,0.342874975,0.347199607,-1.210550791,-0.467827632,0.525029641,0.529937716,0.390409984,0.412333319,0.641543842,0.656876774,0.261780985,0.142135015,0.308360523,0.235380946,0.518536154,0.15631616,0.518425332,0.097981474,-0.284769319,0.384818359,-0.788837746,-0.210237276,-0.268187648,-0.540793813,-0.849139384,-0.429289587,0.229399085,0.300827639,0.658689595,-0.63510092,-0.60504352,-0.086112142,-0.544618444,0.186384686,-0.026152367,0.244577253
H31 [37] (K) Me2,-3.105227308,-1.596471199,-1.37180497,-1.190045533,-0.64381624,-1.686109172,-2.541236251,-2.026995465,-1.831491034,-2.28700208,-1.815697713,-1.229409208,-1.098075363,-2.3498433,-0.766381695,-0.442217257,-2.703210873,-1.411607508,-1.527890981,-0.987467058,-2.792474873,-1.223866895,-2.38916878,-1.747238146,-2.520664342,-2.341089544,-2.486341485,-1.473361402,-1.90503645,-1.10944912,-1.161814918,-1.378554597,-0.699448157,-1.413115898,-1.189592838,-0.947908592,-0.402859403,-0.426235649,-1.054348447,-0.930639394,-0.618644755,-1.138145354,-1.019004651,-0.876434444,-1.079709635,-1.622420195,-1.219737683,-0.734714108,-1.00643781,-0.501265826,-2.851720543,-3.515763075,-4.012317861,-4.242597982,-3.664585688,-5.140197761,-2.42450146,-1.340713183,-2.310509332,-1.19572499,-1.098288428,-2.720529979,-4.859962053,-5.086260777,-4.966019551,-4.003880872,-5.346117804,-1.404322214,-0.921389006,-0.861780339,-0.912646363,-0.690863284,-0.622538014,-1.612996834,-3.402546179,-1.768146729,-1.096924336,-1.066975622,-2.223030582,-2.13942702,-1.851700367,-3.891532218,-3.107166529,-2.083617868,-1.819853324,-1.934356447,-1.113023973,-1.383284354,-1.694221501,-1.725415658,-1.153175285,-0.690172549,-2.121434433,-0.846188988,-1.945499231,-1.141894285,-2.542654579,-1.511208967,-0.708712759,-0.547800591,-0.756755279,-0.238841895,-0.571427404,-0.943469756,-0.488570803,-2.146107311,-1.230995862,-0.964251319,-2.222588504,-1.863521893,-1.977657644,-2.678093909,-1.368678453,-1.791231031,-1.537705218
H31 [37] (K) Unmod,-0.573933948,-0.01662354,-0.279897484,-0.467652619,-0.197209545,-0.200856971,-0.714384892,-0.123414821,-0.077685749,-0.525309546,-0.352827226,-0.208301535,-0.163351723,0.341207691,-0.515665367,-0.360082066,-0.712140668,-0.793091723,-1.114426784,-0.686545542,-0.317002787,-0.353289194,-0.168151992,-1.040051975,-1.474632778,-1.637586851,-1.748683943,-0.320232348,-0.376875949,-0.459694875,-0.441404832,-0.399208324,-0.319986665,-0.455434582,-0.394573333,-0.371056366,-0.377808033,-0.405797598,-0.219495006,-0.452229647,-0.14656997,-0.203052043,-0.092015575,-0.340015134,-0.262296624,-0.192396613,-0.41386493,-0.293279597,-0.582568106,-0.283475867,-0.399816385,0.173230345,-0.012080124,0.238499254,-0.007838269,-0.109092638,-0.296944084,-0.207724936,-0.203558455,-0.216611519,-0.314698384,0.012737322,-0.069320847,-0.327704061,0.05318072,-0.230509763,-0.325606275,-0.297789906,-0.171164062,-0.245818629,-0.19580237,-0.374685453,-0.12927854,-0.632467613,-0.297325853,-0.684615213,-0.190552097,-0.247478204,-1.049944332,-0.639851614,-0.514539192,-1.995916339,-1.40891807,-0.36845303,-0.356510585,-0.618646513,0.001203134,-0.143528721,-0.500873491,-0.225906952,-0.584492647,-0.505769955,-0.374830735,-0.15509832,-0.373229316,0.032686905,-0.277862035,-0.939470057,-0.478450494,-0.585535421,-0.119061137,-0.144093628,-0.373715201,-0.657297125,-0.572728666,-0.120955627,-0.220682472,0.170570409,-0.935276278,-1.17226146,0.242139565,0.12451158,-0.030828744,0.050910489,0.230094484
H31 [4] (K) Unmod,3.597443948,3.419856622,3.241141677,4.060546997,3.940617603,3.671447972,3.805819856,3.1393972,2.574316612,3.541702098,3.575534155,3.324518299,3.00637775,3.180575492,3.562449585,3.945251299,2.908024561,3.455596967,3.325752351,3.407763749,3.318993266,3.501075569,3.699705558,3.139696153,4.873913433,5.313542473,4.783948219,3.032215356,3.313680825,3.113291858,3.709890367,3.715174459,3.79560659,3.083330347,3.252575797,3.273463732,3.951189702,3.863836485,3.342571105,3.530485021,3.463384844,3.152001172,3.580028715,3.366681282,3.175431415,3.260348245,3.251343136,3.854203988,4.407672197,3.873649072,2.90107511,3.127527349,3.091324392,3.6079064,2.895584922,3.19144341,3.626651057,3.638744889,3.416593462,3.747523188,3.557927599,3.586477839,3.026446234,2.818724159,3.017358479,3.587725365,3.383127491,3.287653456,2.842360155,3.66823646,3.606451934,3.634223446,3.864927577,2.881490793,2.943625232,2.912222664,3.596263319,3.290714007,3.064785038,2.888631381,2.842667313,4.338793986,4.526347726,3.801151308,2.881217143,3.144656,2.94940436,3.435543749,4.076897078,3.423064643,3.102667238,3.122925332,3.471954805,3.291851259,3.56221598,2.806199548,3.456479489,4.828724881,4.0189763,3.035776539,3.235551446,3.207353464,3.20320677,3.854415569,3.787543004,3.760482478,3.220339421,3.736562795,4.489490321,5.492746422,3.012679656,2.894845253,3.599678072,3.62521896,3.537756373
H31 [40] (R) Me2,-5.70111955,-4.261430022,-3.779775869,-3.425691176,-2.823867551,-3.691479101,-4.20158458,-4.350294304,-3.876403746,-4.209127249,-3.628681325,-3.789316097,-3.912028832,-4.970025732,-2.971947324,-2.777793094,-6.591002998,-4.239007133,-4.519005814,-3.876493149,-6.867875548,-3.846901897,-4.831529832,-4.818721196,-5.452167311,-5.47902883,-5.254918488,-4.598703083,-5.088424806,-3.916085965,-3.81558489,-4.164124612,-3.127840562,-4.274724908,-4.08747891,-3.59293419,-2.780498155,-2.859984379,-3.51462123,-3.728795775,-3.163102038,-3.698775871,-3.625402215,-3.279105279,-3.512623464,-4.158583688,-4.046435616,-3.085005752,-3.353882483,-2.791060287,-6.237521223,-7.115372936,-7.715746304,-7.417169696,-6.156915277,-9.381528484,-4.974271188,-3.752021227,-4.902071438,-3.600763693,-3.453363266,-4.922405197,-8.447716315,-9.150386993,-9.45085888,-7.076564461,-9.013992523,-4.087277952,-3.616553196,-3.531948078,-3.418974375,-3.061596515,-2.938624629,-4.816567347,-7.522499849,-4.739664392,-3.523015936,-3.377449153,-5.579933705,-5.040423373,-5.172914894,-7.707421855,-6.629676989,-4.547931048,-4.256579127,-4.311928817,-3.378107645,-3.540445002,-3.727195903,-5.316092027,-3.884785463,-3.314916629,-5.652844643,-3.088548778,-4.198303768,-3.665739971,-4.747107294,-4.033210683,-2.869770705,-3.130147143,-3.70326941,-2.7787561,-3.160986966,-3.496371502,-3.0189914,-5.891822583,-3.916269475,-3.777309813,-5.455599632,-4.935180503,-4.700338601,-6.207608525,-3.626912106,-4.335238193,-4.102104911
H31 [56] (K) Unmod,0.71918951,1.088740123,1.28369871,1.294771134,1.792734827,1.434980947,0.901486833,1.54591303,3.384505168,0.910257458,2.482659395,1.075267021,1.898942566,3.19582778,1.575128083,1.40401136,2.010305015,1.138677334,2.030090241,1.909527618,0.592373137,1.358425288,1.561986395,1.723206755,0.203150344,0.649285148,-0.701812381,2.426732559,1.102776283,1.670573969,1.610965174,1.727233898,1.622832589,1.900301186,1.240182255,1.28066027,1.732944125,1.972401069,0.713452496,1.100451057,1.467007394,1.434840594,1.027421798,1.05129141,1.193843483,1.440236569,1.383654599,1.495653692,1.451557365,1.76526041,1.924454495,2.480935804,2.474808363,2.32889412,1.055197432,1.756567926,1.543643262,1.132172954,1.765566874,1.772065538,1.585683392,1.904355643,1.364861372,1.892073042,1.928144372,2.397888686,2.030988456,1.164370851,2.741957202,1.331580561,2.275471752,1.41560122,1.934236042,2.616483473,2.759054619,2.225024938,2.449069697,2.142263962,2.378086854,2.012424631,1.803007901,0.99084618,1.650378345,1.510379805,1.670375833,1.338703432,1.443287835,1.439419614,1.700147553,2.028146497,1.914086046,1.722781955,1.536754095,1.171746217,1.280074962,1.860018097,1.81402163,-0.357935827,1.301775255,0.619042911,1.174902998,1.345086324,1.598513018,0.351082212,0.850433618,1.166329496,2.102698557,1.593766987,1.505134798,0.547128854,1.263293369,1.922847535,1.022583727,1.310076948,1.910673243
H31 [64] (K) Unmod,2.027653559,2.320635271,2.086082463,1.92271145,2.428179333,2.344870402,1.877484912,2.534900233,3.881476843,2.491819109,3.231375727,1.978941968,2.337748657,4.039627773,2.028994549,2.025941878,2.434102956,1.80626509,2.335246142,2.51022058,1.548652995,1.949378841,2.719411764,1.611309461,-0.365370924,-0.317879638,-1.215141964,2.838799566,1.552348026,2.030466444,2.175271636,2.350881076,2.257539805,2.022104232,1.989242532,1.939873658,2.498248611,2.510700044,1.829537506,1.972453676,2.164483769,2.138830023,1.893883397,1.723175003,2.187698787,1.971611632,2.064077979,1.917469426,1.783607773,2.284198286,2.259016501,2.801925554,2.288179274,2.811986108,2.860533387,3.012260795,2.461253889,1.775682835,2.801110657,2.506938408,2.139498953,2.968331298,1.929970629,2.12677157,2.518854871,2.788443813,2.494664818,1.861926482,2.525050169,2.014855724,2.949835935,2.069044349,2.387911622,2.362130985,2.350090993,2.270381605,2.649929683,2.683667579,2.207325829,2.255604389,2.171548411,-0.732639284,-0.333676445,2.023167101,2.732049961,1.707287668,3.837944406,3.176664332,2.269364393,2.725545521,1.934341914,2.34903039,2.173366931,2.371044562,2.32633451,2.628592452,2.213162967,-0.639891741,1.796502149,1.762754911,1.929291093,2.241022789,2.452099465,1.250198352,1.983429499,2.548398409,2.66365363,2.358809046,0.318076299,0.463009063,2.273284164,2.11812118,1.958128614,1.866361326,2.67678382
H31 [79] (K) Bu,-0.527848612,0.098540665,0.194870534,-0.881976588,0.098505943,0.791851168,-0.677287046,0.265208394,2.149154097,0.298285347,0.969259193,0.161484695,0.310396471,1.923940766,-0.101371754,-0.425926427,0.927464374,0.348704593,0.882344184,0.458806009,-1.28753911,0.519152481,NA,0.122410997,-2.215796867,-2.662895546,-2.726566234,0.981863454,-0.174125605,0.266282214,0.144745581,0.049622903,0.132769468,0.25077323,0.07065491,0.059667082,-0.087666906,-0.060330091,0.085471741,0.378216564,0.482122974,0.167508505,0.481856698,NA,-0.150611347,-0.218444472,0.104999087,-0.539742385,-0.536579107,-0.089660319,0.500683774,0.897237623,0.235524261,0.768362912,0.497943776,1.068074808,-0.047743822,0.190631677,0.403823369,-0.253493839,-0.132637903,0.058309352,0.006119465,0.633569106,0.292875087,0.857637067,0.470933514,-0.02300348,0.275202164,0.167093024,0.590235923,-0.676702318,-0.282722745,0.465997204,0.346625189,0.603957963,0.478923207,0.359745939,0.331598488,0.557978484,0.652299955,-2.439725203,-1.433038096,0.120267302,0.669021899,0.415075722,1.313864601,0.354714886,-0.1921861,0.005471475,-0.125253263,0.772000884,-0.793993247,-0.213710588,-0.126509505,NA,0.667029062,-2.545927443,-1.007547004,0.536433411,-0.112629868,0.347017558,0.401576906,-1.56469028,-0.831908939,-0.132659255,0.600827794,0.430056385,-1.609747635,-2.250889102,0.031171948,0.751471456,-0.341657535,-0.420078384,0.226330755
H31 [79] (K) Unmod,2.198172365,2.847639309,3.013326748,1.939900642,2.942826522,3.520615341,2.061117098,2.890755386,4.241189628,2.628797215,3.771270466,3.101783952,3.143485102,4.435270025,2.80674688,2.50663549,3.363205799,3.02256163,3.273398841,3.006031218,1.618775092,3.256027734,2.789984082,2.716559288,0.126940814,-0.62788126,-1.223019819,3.667154654,2.506524994,2.889259085,2.800464293,2.827140239,2.620895558,3.161121578,2.91267436,3.027201747,2.990251459,2.913122927,2.616620342,2.810899754,3.018584398,2.797746055,3.051088695,2.560627942,2.734415475,2.4157627,2.982998126,2.39115065,2.333581439,2.72212235,3.211755466,3.594388751,3.020724542,3.554220229,2.803015885,3.104101992,2.668444468,3.052720463,3.06820245,2.658340754,2.860667161,3.082699599,2.699491479,3.31017677,3.101244254,3.580387277,3.235186063,3.019739527,3.280152523,3.180133046,3.71263269,2.415650832,2.826635469,3.054888967,3.166659215,3.449672402,3.457338913,3.289413314,3.00804455,3.356664881,3.296725022,-0.485095749,0.627735338,2.947073177,3.448586207,3.174200247,3.507359572,2.834828446,2.896721184,3.082416294,2.956826421,2.877046233,2.641647401,2.838390625,2.904568211,3.164820747,2.487594776,0.463855054,2.220633155,2.796558713,2.833060832,3.223817394,2.999384359,1.36651567,1.995454219,2.40594104,3.625919417,3.443137687,1.08157967,0.295061362,2.773156842,3.358826462,2.277713114,2.351279042,2.986958513
H31 [9] (K) Bu,-1.509805025,-1.495303741,-2.327008577,-2.319951355,-2.300364883,-1.121616028,-0.755089639,-1.118245908,-1.281547957,-0.396198314,-1.133128625,-1.39517616,-1.379192349,-1.264698102,-1.239291946,-1.537599798,-0.653701219,-0.729203243,-1.117703534,-1.132403178,-1.329810659,-0.921285837,-0.833555384,-0.98900064,-0.752705151,-0.170071273,-0.091368875,-1.239642847,-0.960199609,-1.209229857,-1.268294327,-1.148826997,-0.841352771,-0.7470139,-0.088249019,-0.694727444,-0.709470038,-0.431196969,-1.433945906,-1.132906309,-1.340442309,-1.559781314,-1.144911337,-1.159389637,-1.357681905,-1.534081401,-1.10623002,-1.252885256,-0.420117166,-1.41519203,-1.519894593,-1.671302133,-1.212305742,-1.819873688,-0.991671155,-1.321925644,-1.299836948,-1.58793462,-1.293953911,-1.585868901,-1.571890697,-1.135927561,-1.235662811,-1.59254796,-1.64329118,-1.381293047,-1.725513538,-1.962412282,-1.531180657,-0.663524656,-1.513267706,-1.378257517,-1.020480234,-1.016610139,-0.939769441,-1.343183179,-1.140649064,-1.240898228,-0.855712996,-0.994120026,-0.697541415,-0.620769195,0.144053689,-0.972199754,-0.502760431,-0.563434618,-0.736145687,-0.994859917,-0.831759544,-1.108833018,-0.50575757,-0.150341072,-0.356477372,-1.415830491,-1.18356193,-1.713872836,-0.824877008,-0.59390305,-1.079716767,-1.035161852,-0.735814226,-1.203166651,-0.710978014,-0.642341572,-0.479817251,-1.996868121,-2.147841514,-1.631520575,-1.159473914,-0.803975495,-1.507448112,-1.530648358,-1.251627245,-1.686403397,-1.334780391
H31 [9] (K) Me2,-0.200220868,-0.122922392,-0.595373121,0.035135807,-0.093187565,0.278459399,0.434371252,-0.082854883,-0.351823362,0.064910685,0.160223733,-0.212916537,-0.425482817,-0.232652335,-0.070424683,0.029803297,-0.196134293,0.236536325,-1.029275667,-0.018901076,0.150513602,-0.00388105,0.04961145,-0.066512505,0.62259204,1.440776049,0.782222606,-0.3608665,-0.276417771,-0.317622186,-0.023585767,0.092169337,0.20395086,-0.497477969,-0.833999231,-0.659545076,-0.254852596,-0.379951202,-0.11199575,0.09089858,0.14465645,-0.178694629,0.260043023,0.157708871,-0.246659538,-0.063024938,-0.177125215,0.078338923,0.762257593,0.060509699,0.07524498,-0.138592194,0.135572077,0.379659138,0.557972915,-0.042492616,-0.286953355,-0.218320567,-0.337172774,-0.122573061,-0.248845475,-0.062806538,-0.133207611,-0.290744184,-0.679258356,0.38864271,-0.004204228,-0.28161762,-0.669071309,0.036241122,-0.360866433,-0.296903412,0.049624006,-0.25290159,-0.295709641,-0.063107082,0.18483963,-0.082730685,-0.448238909,-0.591564762,-0.404303772,0.462025544,0.555034107,0.028486758,-0.349482052,-0.119754722,0.519895928,0.134220414,0.316005268,-0.270031502,-0.024928374,-0.15359957,-0.109694992,-0.267619035,-0.12931345,-0.736943744,0.0670983,0.882117739,0.15993831,-0.256453749,-0.205100783,-0.197151201,-0.396520091,0.358113481,0.384072846,0.074456908,-0.463722312,-0.136056297,1.413286764,1.620124777,-0.362049901,-0.187792332,-0.124422928,0.04274787,0.184083499
H31 [9] (K) Me3,1.870879606,1.773179382,1.995800887,2.458434982,2.514191614,2.00488745,1.600781047,1.563550296,0.989160527,1.191719823,1.7405096,1.482927918,1.365469555,1.157436181,1.629120086,2.24229912,1.363241068,1.67159483,0.521751618,1.495617765,1.548419363,1.931119188,1.663515805,1.835287785,2.775003466,3.381941691,2.927738271,1.361707942,1.440601583,1.534336041,1.615541238,1.615029861,1.86494756,0.853449717,1.29987796,1.481311731,1.829997838,1.75849437,1.733554525,2.141741166,1.969265915,1.518796144,1.911866654,2.258488116,1.528840375,1.64865687,1.516880325,1.739407989,2.334227742,2.030479252,1.326857323,1.784146577,1.759608654,1.926207235,0.663554613,1.412929305,1.149174915,1.409429778,1.140785367,1.356325167,1.329584254,0.894956042,1.668135969,1.716520414,1.202034006,2.111824356,1.89025784,1.374243713,1.13508136,1.700494566,1.224718965,1.444214675,1.715651011,1.57279696,1.396521283,1.661503376,2.049872032,2.036091579,1.442414636,1.206950222,1.287049805,2.05142044,2.474418364,1.502235609,1.05010174,1.127532532,0.668686461,0.92806532,1.699113101,1.036874663,1.182739744,0.939652924,0.683424536,1.19417947,1.37831718,0.803058477,0.962788563,2.575391818,1.8421307,1.500967011,1.55062123,1.779879028,1.478576349,1.939069325,2.04683509,2.6462969,2.206660821,2.884287829,3.418087028,4.394310274,1.670372032,1.942093653,1.969680851,2.252305706,2.205318372
H31 [9] (K) Unmod,-1.484937073,-1.644399298,-2.905712035,-3.437909416,-3.009519843,-1.411839759,-0.56372232,-1.312858099,-1.000650869,0.012333295,-1.388480598,-1.389968073,-1.502822457,-1.007808912,-1.409346169,-1.795835976,-0.856077338,-0.607753191,-1.066950105,-1.210578891,-0.58597371,-0.337658376,-0.436966532,-0.488275454,-0.807049825,-0.6048361,-0.060839009,-0.964750226,-0.777861487,-1.124416529,-1.117931957,-0.914872425,-0.631314183,0.136692438,0.551930653,0.268283226,0.042247796,0.352177606,-1.618033285,-1.465927744,-1.595565834,-1.810096521,-1.44304699,-1.652142636,-1.38035335,-1.657736058,-1.129112373,-1.225804539,-0.629327091,-1.63667403,0.207779927,-2.170774372,-1.50272177,-2.159642672,-1.308336821,-1.436021953,-0.728972048,-1.287018512,-0.791361758,-1.515049785,-1.230411664,-0.426982156,-1.440263494,-1.878789502,-1.654714379,-1.556704514,-2.027047309,-1.912734909,-1.673191811,-0.604602635,-1.428380474,-1.385954369,-0.97278329,-0.910363795,-0.235070558,-1.330362397,-0.963323226,-1.021375866,-0.527046139,-0.84414512,-0.453580588,-0.668476858,0.159126484,-1.362590459,-0.398254554,-0.462425937,-0.910459776,-1.08071895,-1.255553793,-0.872388756,-0.239137808,0.304506235,0.02548578,-1.710707516,-1.052738301,-1.87567617,-0.297960143,-0.92302908,-1.278738732,-0.413307447,-0.410543042,-0.894535548,-0.244233272,-0.435953208,-0.076449171,-2.438121908,-2.831691255,-2.484230306,-1.820979758,-1.735118152,-1.631421037,-1.686518692,-1.188017156,-1.851177369,-1.425387689
H33 [27] (K) Unmod,0.068259971,0.270034451,0.137212919,0.180764047,0.303061088,0.66826168,-0.101225158,0.210748201,0.088757466,-0.066761311,0.184688715,0.287562382,0.217773771,0.146275866,0.21812262,0.329456911,0.437045447,0.429382061,1.080465152,0.608093738,0.930908022,0.14224954,0.191862175,0.262766166,0.574637891,0.779604768,0.622232967,0.133258451,0.169005045,-0.088311455,-0.153322723,-0.187941223,0.34067911,0.140242805,0.161809442,0.114060764,-0.048067796,0.158990876,0.198333225,0.189054515,0.2814387,0.270833099,0.412618561,0.274192877,0.282348679,0.024448162,0.251659188,0.199089598,0.776938636,0.265940636,0.970541864,0.605772598,0.98430153,0.953310024,0.682978315,0.26038513,0.020315391,0.034671897,0.282030927,0.162353939,0.281085317,0.156673063,0.073115224,0.031035402,0.202196402,0.377372876,-0.163550699,0.050771065,0.199786619,0.385205466,0.294457449,-0.003147134,0.409957078,0.431876775,0.41384862,0.050644942,0.458107249,0.203953043,0.267254025,0.479497453,-0.031162167,0.222543938,0.660290012,0.279474573,0.470075525,0.156765179,0.771688408,0.286539513,0.344403235,0.111779666,0.215200298,-0.259189396,0.18754009,0.156323932,0.078916961,0.19540688,0.289764825,1.024949945,0.305433081,0.346503499,0.498466609,0.485180206,0.58654776,0.49418434,0.450391052,0.009838313,0.086907083,0.280526899,0.168231636,0.438284073,0.007141964,0.24050009,0.25965866,0.214207165,0.471289015
H33 [36] (K) Unmod,-0.322569663,-0.058689565,-0.199369419,-0.231198455,0.003744804,-0.149105518,0.012828762,-0.130280778,-0.141772072,-0.272831742,-0.260572807,-0.162386024,-0.14579262,0.210776438,-0.289982853,0.067168667,-0.223960509,-0.584967592,-1.079170803,-0.623484842,-3.324485699,-0.116009081,0.195789893,-0.399390703,-0.254493133,-1.038698809,-0.108654665,-0.094043038,-0.019374695,-0.15116943,-0.104409447,-0.150631489,0.039091837,0.020929644,-0.039848028,0.041220837,0.079913261,0.086116052,-0.191019781,-0.108722687,-0.024312683,-0.160069025,0.03071375,0.003791461,-0.210938483,-0.083097993,-0.206208552,-0.199993972,0.081160485,0.09376508,-0.364812204,-0.218042404,-0.09892157,-0.036127281,-0.284531811,-0.428910967,0.059167017,-0.149652771,0.016813351,-0.139462905,-0.208292016,0.032132024,-0.092539248,-0.241831551,-0.053937575,0.140121481,-0.224825443,-0.071670924,-0.085248533,0.101168209,-0.08669601,-0.239610281,0.046912846,-0.233101852,-0.318443493,-0.032118114,0.175392458,0.100264135,-0.152124714,-0.460102053,0.012319615,1.811845511,-0.542288053,-0.049384621,-0.224763388,-0.304430712,0.028381456,-0.170343714,0.08476868,0.135083791,-0.028872915,-0.582204811,-0.156954054,-0.123224798,-0.049174781,-0.150320937,0.265090394,0.150850877,-0.06012116,-0.632699884,-0.196734871,-0.164885287,-0.286799911,-0.181033156,-0.372719125,-0.05568114,-0.045995675,0.254358626,-0.061984321,0.423492291,-0.348630814,-0.104957053,-0.215393244,-0.245230972,-0.018015226
H33 [37] (K) Unmod,-0.352044654,-0.224596381,-0.25734698,-0.277035765,-0.09260743,0.016579346,-0.156717119,-0.073672464,-0.125125003,-0.192805501,-0.130576957,-0.202198023,-0.162020212,0.041231152,-0.28763527,-0.071826459,-0.173554715,-0.141523356,-0.387165979,-0.181024602,-0.421344845,-0.176301419,-0.10428555,-0.350420311,-0.157448589,-1.098991146,0.109248112,-0.198832098,-0.158951321,-0.320713171,-0.273954897,-0.32017699,-0.082137981,-0.148611746,-0.177994174,-0.128322488,-0.089632696,-0.086779139,-0.259870483,-0.172157621,-0.132233209,-0.184404484,-0.026238253,-0.149711557,-0.237664672,-0.284707029,-0.183833089,-0.262784728,0.155636198,-0.075774312,-0.308943417,-0.169074652,-0.040208383,0.040331505,-0.204714595,-0.238247265,-0.110378043,-0.209945108,-0.140873802,-0.184461163,-0.216762824,-0.146095577,-0.262077627,-0.367901486,-0.339023373,-0.101387695,-0.394368728,-0.241209398,-0.167924836,-0.010339248,-0.125916788,-0.35166063,0.008440418,-0.184131636,-0.119556031,-0.20165942,0.072222348,-0.069278093,-0.199575814,-0.234110578,-0.157226078,-0.195865054,0.132623423,-0.085921985,-0.161594785,-0.265896196,0.07735057,-0.189605686,-0.047089873,-0.074179453,-0.167269963,-0.087334352,-0.271316888,-0.219270599,-0.218718052,-0.206809261,-0.09174898,0.199818207,-0.085843123,-0.24961797,-0.029201468,-0.042487958,-0.219861581,-0.033484835,-0.077276193,-0.22522414,-0.215535994,0.014579579,-0.140926039,0.253947881,-0.399962639,-0.186155416,-0.202581905,-0.250925134,-0.056067991
H4 [12] (K) Ac,-1.231504733,-0.939762096,-1.002158285,-1.135233915,-1.000382939,-0.115105695,0.122770343,0.024334526,-0.108422941,-0.057343512,-0.738448903,-0.668330392,-1.098392228,-0.426097758,-1.360715099,-1.469636175,-0.998463667,-0.719142117,-1.922241466,-1.929201002,-1.525568999,-0.564634699,-0.422252665,-0.71123914,-0.486377506,-0.518186961,-0.516107182,-1.550941406,-1.403125392,-1.574353374,-1.979903538,-1.805884068,-1.615077314,-0.487313407,-0.741349984,-0.514185717,-0.979154342,-0.805730259,-1.008518881,-1.067133746,-0.900960543,-0.922657688,-0.856805768,-1.168548598,-0.933800174,-0.73165761,-1.110190724,-1.101185954,-0.763251975,-1.615535701,-0.911344326,-1.013018316,-0.302933914,-0.178076491,0.08412793,-0.603494781,-0.054635465,-0.101391193,-0.436704053,-0.770896083,-0.634673129,-0.190141491,-0.434058191,-1.075206061,-0.197445742,-0.690594586,-0.961528672,-0.636493574,-1.433025874,-0.510993294,-0.546205177,-1.207790428,-0.532577264,-1.563518973,-1.064174627,-1.365000562,-1.487826652,-1.685027904,-1.064689836,-0.449436811,-0.060154291,-0.864074653,-0.139945952,-0.500782667,-1.011796647,-0.603602943,-0.291947099,-0.576471379,-1.262019745,-0.229426765,0.220500349,0.342197843,0.095650341,-0.895117592,-0.439629459,-0.59203165,-0.019216642,-0.610087114,-0.722489517,-0.429594777,-0.040020047,0.11541091,0.013234552,-0.038489879,0.170119408,-1.755757996,-1.627317795,-1.305971179,-1.486861414,-1.157578928,-0.523118722,-0.396442851,-0.532392049,-0.349398602,-0.539869101
H4 [12] (K) Unmod,0.069234943,0.125087842,0.014264033,-0.470051658,-0.46739063,0.387722592,-0.001448336,0.310530095,-0.654115596,-0.340664216,-0.660034037,0.264293599,0.268860855,-0.212535353,-0.655505092,-0.055499751,-0.240390559,0.170881465,-0.328875911,-0.36390067,-0.148957089,0.451685629,0.079253347,0.170506576,0.425233808,0.470090109,0.388614428,0.168405185,0.255620937,0.218444005,-0.602510738,-0.570548236,-0.143990264,-0.013121187,0.234753724,0.207371676,-0.420998275,-0.09186886,0.041356383,0.313724838,0.325401794,0.103927421,0.463984926,0.230416959,0.114153552,0.112651831,0.040325814,-0.379153798,0.208066254,-0.426499743,0.042312515,0.041690187,0.104138393,-0.525991555,-0.975725255,-0.778156695,0.176769125,0.198345052,0.143673364,-0.782042804,-0.317615581,-0.682896986,0.154903487,-0.030046082,-0.049195178,-0.348606909,-0.811479626,0.042951675,0.044183437,0.220346992,-0.400667455,-0.519191923,-0.163431895,0.298556535,0.369963895,-0.121442995,-0.048542668,-0.403396528,-0.036148464,-0.108511329,-0.017394007,0.863817207,0.032154823,0.311499099,-0.234455722,0.062181175,-0.906798834,-0.852012932,-0.329432422,0.036191497,0.179167713,-0.065134287,-0.574207187,0.058568461,0.116118947,-0.152789061,-0.377441755,0.331885459,-0.352396629,0.015264774,0.091447166,0.267013837,-0.481509766,-0.287606761,-0.351719241,0.57296308,0.307655152,0.610842497,0.06002214,0.356388095,-0.268951584,0.231411651,-0.301574785,-0.397800475,-0.431790092
H4 [16] (K) Ac,-0.114952123,-0.001989078,-0.044284794,-0.162942834,-0.043273568,0.533830335,0.58020662,0.577047826,-0.183481751,0.347874522,0.004682314,0.25002688,0.001806583,0.203942567,-0.374813233,-0.288303124,-0.10948409,0.206249772,-0.622307565,-0.365362902,-0.451726643,0.502784754,0.304053929,0.273487024,0.552590044,0.466949622,0.393604511,-0.282653901,-0.233560364,-0.333022406,-0.666489659,-0.59848665,-0.231262003,0.103384421,0.099120368,0.236081299,-0.141764082,0.104481284,-0.034380789,0.105259678,0.200159172,0.054196844,0.259063479,0.003493744,0.103799238,0.181629871,0.002514093,-0.161217115,0.279761576,-0.376105855,-0.171775792,0.012061379,0.373572047,0.270703717,-0.075405088,-0.197661305,0.684735179,0.443203872,0.354940156,-0.187931267,0.133163799,0.112066833,0.190690635,-0.013227409,0.447842272,-0.037536747,-0.318328544,0.269887796,-0.221913528,0.425305848,0.075029481,-0.267274381,0.258948745,-0.328612012,0.030558656,-0.524855057,-0.145347818,-0.430495262,-0.038477907,0.221437063,0.357880088,0.176422565,0.472625326,0.285428653,-0.229390989,0.16287057,-0.43280954,-0.163488539,-0.275497014,0.4512149,0.765459692,0.723475432,0.193721969,-0.048110179,0.188731813,0.032686538,0.222184242,0.350741138,0.008343275,0.361561646,0.474860727,0.581877179,0.372409247,0.250429839,0.386147776,-0.614426958,-0.305206741,-0.070065316,-0.497953209,0.056282215,0.169575165,0.422634346,0.220334249,0.304484816,0.10209682
H4 [16] (K) Unmod,-0.194092256,-0.215830672,-0.339498822,-1.214898115,-1.295063555,-0.029980545,-0.700200268,-0.14821075,-1.095509512,-1.285586676,-1.657006698,-0.117846594,-0.017986803,-1.030677725,-1.425605196,-0.637252374,-0.713260374,-0.243518143,-0.6133679,-0.979856904,-0.249065327,-0.136951526,-0.471025336,-0.440296519,-0.645715016,-0.515079545,-0.645931399,0.153374226,0.277026553,0.215920057,-0.983227515,-0.878874298,-0.464557025,-0.309537704,0.019372537,0.012692504,-1.026812829,-0.665773319,-0.200968257,0.057036026,0.00039103,-0.193895468,0.228678356,-0.064624593,-0.306729057,-0.309733216,-0.42803352,-1.181468543,-0.51184885,-1.118190386,-0.245026726,-0.366257635,-0.459549844,-1.591125338,-1.921339625,-1.427955698,-0.443210644,-0.255677561,-0.355836833,-1.542816099,-1.296512154,-1.673378432,-0.253839619,-0.389632712,-0.653757859,-1.056790128,-1.62874806,-0.604011718,-0.276380233,-0.353743637,-1.315316362,-1.289582769,-1.096085872,0.322253496,0.15845114,-0.03559277,-0.348976202,-0.814209723,-0.450708714,-0.645842516,-0.557668405,0.988052087,-0.851841596,0.091941252,-0.309040989,-0.236158837,-1.278775817,-1.336625706,-0.604306761,-0.446647327,-0.359911623,-0.728312144,-1.441403441,-0.136227027,-0.286782402,-0.480456268,-1.041690245,-0.223327041,-1.059575992,-0.605189317,-0.486488329,-0.263381119,-1.25694905,-0.961585073,-1.234103579,0.778376994,0.411381744,0.678534275,-0.110705866,0.186001515,-0.93212768,-0.461161805,-1.219612688,-1.452590503,-1.385126625
H4 [20] (K) Me2,-2.498927124,-2.291024748,0.62908267,1.144286164,0.535292817,0.708535626,-1.794552156,0.250300235,0.39134477,0.22981571,0.896471168,0.969048861,0.223393155,-1.451661955,1.245311597,0.812354993,0.792551265,1.561811007,0.546958236,0.957397985,0.794159094,0.907850379,-1.990254153,-1.326981052,-0.192232475,0.315512316,0.498099885,0.715018027,1.051399357,0.36360588,1.079368117,1.257076885,1.134357523,0.007363031,0.642669417,1.08338085,1.409794884,0.918313113,0.501072911,1.318523783,0.211429249,0.750026729,1.262234836,0.799979334,1.122664482,0.793085138,0.735298224,0.626877297,1.228484026,1.389926077,0.218574251,0.654956043,1.011091567,NA,-0.344198257,0.522996875,-1.869879535,0.660703949,-1.355385773,1.091752102,0.688575101,-1.499271009,0.509618437,0.368457467,-2.6074577,1.324452897,1.077112614,1.196830666,-0.891767257,1.067798436,0.76019063,0.671607247,1.021446038,0.034861179,0.179161578,0.174131651,1.120311033,1.394422837,-0.331380142,0.071176281,-1.241489703,0.271642941,-0.279569945,-0.084857163,0.804534447,0.656349779,1.753314751,0.030741047,1.130401232,-2.319214292,0.186406013,0.192253742,-1.618915389,0.965066498,-1.583284932,1.02526529,-2.868211708,0.978261431,0.546588064,1.335488292,0.79821351,0.761505308,0.335189566,0.776844855,0.150207414,0.191258748,0.240753952,1.415825013,1.117530759,1.23047057,1.348036317,0.622617516,0.608534232,0.639071707,0.444478028
H4 [31] (K) Unmod,-0.771429753,-0.555004734,-0.247841973,0.764179655,0.864299978,-0.127268621,-0.850451071,-0.765422375,0.797190307,0.348288048,0.54478935,-0.557897181,-0.246342778,0.878469718,0.904673786,1.256036106,0.744922852,-0.209967468,0.278477486,0.989358509,0.604864898,-0.792743597,-0.928857759,-1.380818155,0.395001512,0.960863821,1.298600378,-0.516878602,0.059098511,-0.478672728,0.981207972,0.869236004,0.773140861,-0.045054052,-0.236198995,-0.15109545,1.169890345,0.656380094,-0.140395882,-0.203782429,-0.351461323,-0.327390176,-0.204941701,0.017918324,-0.497366764,-0.595033015,0.272133669,0.722110898,1.709590977,1.065050345,-0.664368351,-0.199162719,0.063872305,1.126170268,0.937823149,1.246382863,-1.041901637,-0.181487785,-0.939823641,1.110938455,0.642583307,0.307038972,-0.335859296,-0.354019369,-1.962197567,0.663577915,0.708229245,-0.238679312,-0.103477353,0.120672388,0.72942761,0.503684139,0.761217025,-0.219708822,-0.502913854,0.329484756,0.886908603,1.105138834,-0.188541376,-0.278250746,-0.722087179,0.245197125,1.696350839,-0.321269165,0.112150053,-0.45035439,2.188571546,1.186858545,1.086022301,-1.580975761,-0.651864368,-0.213985645,0.897457596,-0.159096,-0.928209133,-0.414018541,0.276044072,1.703431276,1.517905147,-0.397876416,0.032287567,-0.484690355,0.263234565,1.54500155,0.523187932,0.214326586,-0.286328097,0.018626473,1.647625181,2.216360588,-0.649549672,-0.582030508,0.72208811,0.555701432,0.521263157
H4 [5] (K) Ac,-1.528146253,-1.909956425,-1.826890175,-2.568417795,-2.705626537,-1.322429694,-1.737809726,-1.270706026,-2.209166814,-3.137016563,-2.508734673,-1.786957703,-1.631524272,-3.14829398,-3.071709453,-3.075978853,-2.463287397,-1.868182398,-1.742905072,-2.863866163,-1.478691718,-1.782131531,-2.074221534,-1.736165379,-2.347998536,-2.233498384,-2.044141648,-1.748553134,-1.626552435,-1.310827246,-2.768846756,-3.376753658,-2.237777276,-1.66940416,-1.932396697,-1.578192355,-2.317160461,-1.914489978,-1.881507918,-1.665441565,-1.830281561,-2.049102565,-1.614144251,-1.896892206,-1.998104476,-1.871569261,-2.210858318,-3.150702853,-2.250527891,-2.9912471,-1.550365529,-1.542331611,-2.087094509,-3.414686855,-3.030605724,-2.107870223,-1.635821178,-1.540208259,-1.664906605,-2.567350597,-2.510479428,-2.796216792,-1.633324282,-1.983450864,-1.931204154,-2.078810357,-2.916736565,-1.921191678,-1.78809323,-1.810215081,-2.081586218,-3.013056494,-2.416970023,-1.388450079,-1.185972517,-1.290577192,-2.158171275,-2.618548076,-1.69830584,-1.557595821,-1.701996672,-1.10167413,-1.224041697,-1.62078493,-2.345157595,-2.175420604,-0.599174382,-1.382919002,-2.52003835,-1.74213863,-1.249417484,-1.968321925,-2.808444402,-1.757226794,-1.642716695,-1.658144161,-2.608466582,-1.948704097,-3.009677982,-1.994128629,-1.969451216,-1.290486711,-2.984268244,-2.61024086,-2.936236564,-0.662970773,-1.009216653,-1.283700558,-2.082470864,-2.508085222,-2.42963526,-1.696485366,-3.319262604,-2.808330201,-3.328718619
H4 [5] (K) Unmod,0.627753409,0.673297414,0.454865826,0.417866123,0.645343074,0.989747714,0.76309557,0.940574927,0.037070836,0.259208637,0.404535269,0.70696982,0.649469783,0.575644296,0.238247695,0.280355253,0.481495512,0.794745645,-0.096795415,0.114246462,0.130943295,1.092334892,0.812109026,0.762655591,0.41361335,0.5058985,0.45845779,0.602843336,0.474418159,0.750331514,-0.091341331,0.200137681,0.455402363,0.525482743,0.659113297,0.697689059,0.375664339,0.751054522,0.551044736,0.837722339,0.894362372,0.714741835,0.989869798,0.763905122,0.543883255,0.735140318,0.630102685,0.201676622,0.463719808,0.234499489,0.228400024,0.56823337,0.753003007,0.148819939,0.020140094,0.033211295,1.023511285,0.815298174,0.809910543,0.20632405,0.522788469,0.453709656,0.510851023,0.670537612,0.681317931,0.34621974,-0.021061532,0.548752587,0.443549244,1.068967619,0.269139337,0.23451866,0.490931419,0.475915185,0.562053426,0.117439075,0.444999969,0.267117801,0.462902416,0.548298036,0.439421611,0.054354768,0.597555011,0.853243386,0.447584543,0.706441505,-0.060972633,0.114500996,0.166181651,0.771586799,0.991978684,0.717206041,0.215617899,0.559037296,0.700385724,0.411083738,0.15291008,0.477368258,0.454265409,0.640334893,0.791059119,0.775227718,0.455197976,0.349664454,0.481869136,0.089574019,0.525812333,0.878464226,-0.284090546,0.191190941,0.641772049,0.539523449,0.119368106,0.313753013,0.359486618
H4 [59] (K) Unmod,0.334933033,-1.346547172,NA,2.178457469,-0.132484184,-1.185650666,0.661338749,-2.784219638,4.999433212,-2.005252573,0.987396916,-3.450449417,0.044281823,3.305463166,1.823051477,0.237875139,-0.147918625,0.11303509,2.754640267,2.206996254,-1.729078226,-1.256905959,0.916406482,1.329296219,-2.700670803,1.260113708,-2.514420038,1.536203345,0.143840785,1.356547074,2.637642358,-0.125952176,1.920410525,0.780469249,-3.18307451,-1.481228594,-0.170524871,0.754445722,-3.917754124,-1.609822895,0.383763672,0.058563766,-0.803664335,0.478734781,0.233156451,-1.770879187,-2.273784383,1.274556691,2.662662234,2.79406761,1.06730703,0.213198428,-0.070337083,1.38591504,2.932407917,-0.8215911,-2.006852309,-2.789861309,-0.218157857,1.660228995,-1.20478959,1.412774272,-1.407428675,-0.754635797,-2.182782307,1.07457892,0.455280143,0.526016776,1.680633948,-0.696620067,1.64550534,0.836452671,1.624958945,3.038988574,-0.195139718,1.0523502,2.267862035,2.169020091,1.231002647,0.978579004,1.906061621,-1.195557962,1.678075985,0.038561628,1.367067988,-0.362902247,3.351619633,0.456584384,2.268881861,0.91309533,-2.041425029,0.430052818,-2.943508895,-2.384082323,-1.295972774,1.310228901,3.071583244,-3.09530394,0.064419386,-3.295130299,-0.993688961,-2.206446644,NA,-2.588258527,-0.208464138,-1.15306914,1.124076194,-1.165892187,-0.009375738,-2.305298892,-2.280174237,1.456807073,-1.500532065,-1.050694236,3.701622672
H4 [77] (K) Unmod,2.425532058,2.838655372,1.71827193,2.657984469,2.100046745,1.865344431,2.592527689,1.7675161,5.266824547,3.304282108,3.030859588,1.828334376,2.624142389,4.653183023,1.77905572,1.384041041,2.364543756,1.267814122,2.851092034,3.710325421,1.676966947,1.706059657,3.301693887,1.709115704,-0.573900169,-0.84007595,-1.895420464,3.957072366,1.385398681,2.088266086,3.36586515,2.1224562,2.748095533,2.363727992,1.778860293,1.656349905,3.470572424,1.858472434,0.934846589,1.435462018,2.234028204,2.13567122,2.064711236,1.878989828,2.703933249,2.462590443,1.696643956,1.594317043,1.896146726,3.610243845,2.789161528,2.467113883,2.260991658,2.767615677,2.4659438,3.115204286,2.992309269,1.042031203,3.585215089,3.007261645,1.381478636,3.590462258,1.440014841,1.870117842,2.816399539,2.914266759,2.266451265,1.365592345,2.680712363,1.539155945,4.230092918,1.827553596,2.598346145,2.81523857,3.205014734,2.730928561,2.545758177,3.071133898,2.518278285,2.290448679,2.452611112,0.662909746,1.783115748,1.892072133,3.49362781,1.822270531,4.257646319,3.27043979,2.797976335,3.349614097,1.610183486,3.366417384,1.664948283,2.451954286,2.404070734,3.264989,2.91707474,-3.204008981,0.866278172,0.858827625,1.826156493,2.40885583,2.618436997,-0.73599471,2.635550774,1.095089971,2.958047605,2.545912573,0.129129717,-1.189846727,2.150065161,2.07772819,0.431926052,0.867278611,3.470720569
H4 [8] (K) Ac,-2.97288843,-2.910417588,-2.522122675,-3.295782884,-3.200342194,-1.831041656,-1.75145423,-1.742031301,-1.072229087,-0.511804895,-2.975658655,-2.006904026,-2.870494034,-2.382651232,-3.73114376,-3.022757484,-2.903619078,-2.600107308,-4.136359732,-3.544660603,-3.867287766,-2.237128789,-2.294115052,-2.515770995,-1.110304215,-1.124920585,-1.396031279,-5.207157853,-2.921511751,-3.973398035,-4.044035698,-5.265751225,-3.794722232,-2.175316042,-2.377594963,-2.086381329,-3.159122748,-3.282856707,-2.615818802,-2.909630808,-2.755860615,-2.737303727,-2.648937202,-2.898620734,-2.273445208,-2.446721942,-2.921470762,-2.681724292,-1.992802677,-3.49203889,-2.964207302,-3.332758216,-1.952098244,-1.596983363,-1.61116564,-2.639322967,-1.775594089,-1.725100943,-2.300240624,-2.887970038,-2.508921837,-2.448372198,-1.865423663,-3.114324995,-1.917539078,-2.726375862,-2.887611334,-1.835478388,-3.365389314,-2.597649416,-2.139978491,-3.003927598,-2.061675033,-4.866515465,-4.037934825,-3.474512572,-3.294229674,-3.942707789,-3.245272486,-2.300743115,-1.556667364,0.333618139,-1.742264955,-2.180403525,-3.134956613,-2.358196566,-1.794540082,-2.987617283,-2.993356601,-2.05369146,-1.739784046,-1.25884957,-2.002281577,-2.545779704,-2.512509438,-2.205617883,-1.832568769,-1.406628613,-2.692757545,-1.974158199,-1.586186127,-1.049488213,-1.674632978,-1.646604767,-1.583015448,-3.100850657,-3.618829497,-2.997882812,-1.600433993,-1.355350383,-2.448034125,-1.569127864,-1.69626407,-1.505343161,-2.264814182
H4 [8] (K) Unmod,0.652248017,0.689142236,0.516708422,0.418942017,0.545752762,1.015350842,0.885487283,1.008776355,0.125364981,0.473573329,0.389948922,0.753151093,0.743280074,0.6302476,0.228411782,0.439722356,0.470836189,0.781290753,0.079669237,0.222403608,0.257629089,1.029287192,0.883940156,0.771651098,0.757400173,0.760765594,0.698183013,0.639184637,0.591229222,0.749123484,0.063122166,0.206732736,0.497472045,0.598440951,0.717639597,0.756588695,0.429670003,0.726451803,0.56961284,0.825287125,0.89373678,0.728203421,0.976128132,0.772470942,0.610487178,0.767394069,0.614112679,0.304770472,0.758533297,0.273914973,0.439458299,0.629370217,0.831061673,0.38153832,0.023481746,0.112058075,1.086278799,0.843894479,0.850273536,0.20286693,0.551171387,0.394253134,0.627133539,0.607361162,0.765913189,0.418181821,0.05351624,0.603413705,0.506311756,0.974047595,0.351879491,0.278078887,0.622390613,0.603377471,0.718985743,0.305791635,0.591355801,0.327506048,0.537046537,0.616372294,0.613771138,0.497979546,0.806114875,0.901467675,0.495392309,0.759176488,0.025498083,0.251399888,0.287181637,0.883195049,1.026955712,0.861944737,0.283925722,0.574750309,0.804541083,0.486783183,0.474941199,0.767905195,0.496700333,0.672954889,0.843460289,0.898691619,0.519895048,0.475797861,0.561129714,0.336660059,0.684858112,0.9750085,0.021775134,0.480643338,0.548404051,0.682920217,0.35830535,0.452745735,0.421971804
